CRN,Cap,Act,Rem,Status
34171,25,11,14,Restricted: See Counselor
34344,25,3,22,Restricted: See Counselor
34872,25,1,24,Restricted: See Counselor
34345,25,1,24,Restricted: See Counselor
34173,25,13,12,Restricted: See Counselor
34874,25,1,24,Restricted: See Counselor
32044,40,--,0,CLOSED
36526,40,--,0,CLOSED
32416,36,--,0,CLOSED
35016,40,--,0,CLOSED
35017,40,--,0,CLOSED
32774,40,--,0,CLOSED
38353,40,--,0,CLOSED
32417,40,--,0,CLOSED
30004,40,--,0,CLOSED
38097,40,--,0,CLOSED
38461,40,--,0,CLOSED
30070,65,--,0,CLOSED
30010,40,--,0,CLOSED
33473,40,--,0,CLOSED
31311,40,--,0,CLOSED
34622,35,--,0,CLOSED
37090,36,--,0,CLOSED
34621,60,--,0,CLOSED
38462,40,--,0,CLOSED
31549,40,--,0,CLOSED
36379,70,62,8,OPEN
32233,40,--,0,CLOSED
35018,40,--,0,CLOSED
38463,40,--,0,CLOSED
31626,40,--,0,CLOSED
38514,40,--,0,CLOSED
37296,50,--,0,CLOSED
35553,20,9,11,OPEN
33443,25,17,8,Restricted: See Counselor
38159,25,4,21,Restricted: See Counselor
35546,25,17,8,Restricted: See Counselor
33816,25,6,19,Restricted: See Counselor
38085,25,10,15,Restricted: See Counselor
37477,25,3,22,Restricted: See Counselor
35310,25,14,11,Restricted: See Counselor
35530,25,7,18,Restricted: See Counselor
38086,25,9,16,Restricted: See Counselor
37479,25,4,21,Restricted: See Counselor
38611,25,7,18,Restricted: See Counselor
35061,25,9,16,Restricted: See Counselor
38608,25,16,9,Restricted: See Counselor
38161,25,18,7,Restricted: See Counselor
38162,25,20,5,Restricted: See Counselor
33451,25,5,20,Restricted: See Counselor
34881,25,22,3,Restricted: See Counselor
38164,25,16,9,Restricted: See Counselor
34289,25,6,19,Restricted: See Counselor
37481,25,15,10,Restricted: See Counselor
33456,25,6,19,Restricted: See Counselor
33458,25,9,16,Restricted: See Counselor
37483,25,22,3,Restricted: See Counselor
38167,25,2,23,Restricted: See Counselor
37484,25,4,21,Restricted: See Counselor
38158,25,21,4,Restricted: See Counselor
38169,25,3,22,Restricted: See Counselor
38170,25,19,6,Restricted: See Counselor
34608,25,24,1,Restricted: See Counselor
38079,25,2,23,Restricted: See Counselor
38533,25,6,19,Restricted: See Counselor
38534,25,4,21,Restricted: See Counselor
38607,25,0,25,Restricted: See Counselor
38535,25,10,15,Restricted: See Counselor
38609,25,7,18,Restricted: See Counselor
30019,90,--,0,CLOSED
30658,40,--,0,CLOSED
35019,40,--,0,CLOSED
38438,40,--,0,CLOSED
36472,40,--,0,CLOSED
30652,80,--,0,CLOSED
37207,40,--,0,CLOSED
30023,40,--,0,CLOSED
30026,40,--,0,CLOSED
30024,40,--,0,CLOSED
35023,40,--,0,CLOSED
38709,20,--,0,CLOSED
30362,30,--,0,CLOSED
32121,30,--,0,CLOSED
36010,30,--,0,CLOSED
37546,24,--,0,CLOSED
38602,30,--,0,CLOSED
30031,30,--,0,CLOSED
30033,24,--,0,CLOSED
30036,30,--,0,CLOSED
31230,30,--,0,CLOSED
33887,24,--,0,CLOSED
34545,30,--,0,CLOSED
36011,30,--,0,CLOSED
30034,30,--,0,CLOSED
30315,30,--,0,CLOSED
36563,30,--,0,CLOSED
30116,30,--,0,CLOSED
30479,30,--,0,CLOSED
33380,30,--,0,CLOSED
36012,30,--,0,CLOSED
36562,30,--,0,CLOSED
37598,30,--,0,CLOSED
33152,24,--,0,CLOSED
32506,7,--,0,CLOSED
32333,40,--,0,CLOSED
36697,40,--,0,CLOSED
36811,40,--,0,CLOSED
37137,40,--,0,CLOSED
37902,40,--,0,CLOSED
31482,40,--,0,CLOSED
36404,40,--,0,CLOSED
30037,40,--,0,CLOSED
32948,40,--,0,CLOSED
35550,40,--,0,CLOSED
36460,40,--,0,CLOSED
36462,40,--,0,CLOSED
36695,40,--,0,CLOSED
37034,40,--,0,CLOSED
37532,40,--,0,CLOSED
37722,40,--,0,CLOSED
37533,40,--,0,CLOSED
38849,40,--,0,CLOSED
34840,35,--,0,CLOSED
33576,25,--,0,CLOSED
33577,25,--,0,CLOSED
33579,25,--,0,CLOSED
33578,25,--,0,CLOSED
34683,25,--,0,CLOSED
36414,25,--,0,CLOSED
30335,25,--,0,CLOSED
30640,25,--,0,CLOSED
31667,25,--,0,CLOSED
38902,25,--,0,Waitlisted
30893,40,--,0,CLOSED
36696,40,--,0,CLOSED
36743,40,--,0,CLOSED
38385,40,--,0,CLOSED
37726,40,--,0,CLOSED
36808,40,--,0,CLOSED
36130,35,--,0,CLOSED
33303,40,--,0,CLOSED
36131,40,--,0,CLOSED
30625,40,--,0,CLOSED
38386,25,--,0,CLOSED
36698,40,--,0,CLOSED
37537,40,--,0,CLOSED
38892,1,--,0,CLOSED
37539,40,--,0,CLOSED
30043,30,--,0,CLOSED
37603,24,--,0,CLOSED
38855,24,--,0,CLOSED
31084,24,--,0,CLOSED
34201,24,--,0,CLOSED
31751,30,--,0,CLOSED
30379,30,--,0,CLOSED
38591,30,--,0,CLOSED
35928,30,--,0,CLOSED
38852,24,--,0,CLOSED
37604,24,--,0,CLOSED
30867,24,--,0,CLOSED
34203,24,--,0,CLOSED
31749,24,--,0,CLOSED
37863,24,--,0,CLOSED
30049,24,--,0,CLOSED
35742,24,--,0,CLOSED
37101,35,--,0,CLOSED
36344,35,--,0,CLOSED
37599,35,--,0,CLOSED
30155,35,--,0,CLOSED
37601,35,--,0,CLOSED
37602,35,--,0,CLOSED
33013,35,--,0,CLOSED
35410,40,--,0,CLOSED
36093,40,--,0,CLOSED
36162,40,--,0,CLOSED
36573,40,--,0,CLOSED
36643,40,--,0,CLOSED
30056,60,--,0,CLOSED
38683,48,--,0,CLOSED
30059,60,--,0,CLOSED
32190,60,--,0,CLOSED
37788,60,--,0,CLOSED
38641,60,--,0,CLOSED
36617,60,--,0,CLOSED
32564,60,--,0,CLOSED
32594,60,--,0,CLOSED
33014,30,--,0,CLOSED
36579,30,--,0,CLOSED
37116,30,--,0,CLOSED
32596,60,--,0,CLOSED
30062,28,--,0,CLOSED
30064,30,--,0,CLOSED
30066,28,--,0,CLOSED
30068,30,--,0,CLOSED
31123,30,--,0,CLOSED
31162,28,--,0,CLOSED
31273,28,--,0,CLOSED
30073,30,--,0,CLOSED
30074,30,--,0,CLOSED
30219,30,--,0,CLOSED
38592,30,--,0,CLOSED
30550,30,--,0,CLOSED
30067,28,--,0,CLOSED
30075,28,--,0,CLOSED
36175,28,--,0,CLOSED
30076,30,--,0,CLOSED
32037,30,--,0,CLOSED
30001,30,--,0,CLOSED
32038,30,--,0,CLOSED
33605,24,--,0,CLOSED
30079,24,--,0,CLOSED
30123,24,--,0,CLOSED
31466,24,--,0,CLOSED
37609,22,--,0,CLOSED
37608,22,--,0,CLOSED
30124,24,--,0,CLOSED
37742,24,--,0,CLOSED
30081,1,--,0,CLOSED
30083,24,--,0,CLOSED
36626,24,--,0,CLOSED
30084,24,--,0,CLOSED
30085,24,--,0,CLOSED
36624,24,--,0,CLOSED
30093,24,--,0,CLOSED
30095,24,--,0,CLOSED
34612,24,--,0,CLOSED
30232,24,--,0,CLOSED
37919,24,--,0,CLOSED
30484,24,--,0,CLOSED
31156,24,--,0,CLOSED
30039,17,--,0,CLOSED
30094,17,--,0,CLOSED
31329,17,--,0,CLOSED
30104,17,--,0,CLOSED
30707,17,--,0,CLOSED
30097,24,--,0,CLOSED
38258,24,--,0,CLOSED
30098,24,--,0,CLOSED
30101,24,--,0,CLOSED
31173,24,--,0,CLOSED
30103,24,--,0,CLOSED
33604,24,--,0,CLOSED
30144,24,--,0,CLOSED
37545,24,--,0,CLOSED
32772,24,--,0,CLOSED
30099,24,--,0,CLOSED
30105,24,--,0,CLOSED
31755,24,--,0,CLOSED
36614,24,--,0,CLOSED
31602,24,--,0,CLOSED
30711,24,--,0,CLOSED
31552,24,--,0,CLOSED
31553,24,--,0,CLOSED
30106,24,--,0,CLOSED
35408,24,--,0,CLOSED
30107,24,--,0,CLOSED
37881,24,--,0,CLOSED
30109,24,--,0,CLOSED
30127,20,--,0,CLOSED
30111,17,--,0,CLOSED
36618,17,--,0,CLOSED
30540,17,--,0,CLOSED
38596,17,--,0,CLOSED
36619,17,--,0,CLOSED
30114,17,--,0,CLOSED
38597,17,--,0,CLOSED
36620,17,--,0,CLOSED
30115,17,--,0,CLOSED
38598,17,--,0,CLOSED
36621,17,--,0,CLOSED
32039,17,--,0,CLOSED
38599,17,--,0,CLOSED
30110,17,--,0,CLOSED
30761,17,--,0,CLOSED
30765,17,--,0,CLOSED
30783,17,--,0,CLOSED
33632,22,--,0,CLOSED
37844,22,--,0,CLOSED
30377,22,--,0,CLOSED
32109,22,--,0,CLOSED
32107,24,--,0,CLOSED
38446,24,--,0,CLOSED
38451,24,--,0,CLOSED
32115,24,--,0,CLOSED
35927,24,--,0,CLOSED
37743,24,--,0,CLOSED
38595,20,--,0,CLOSED
34819,25,--,0,CLOSED
37238,25,--,0,CLOSED
38766,25,--,0,CLOSED
35243,25,--,0,CLOSED
35244,25,--,0,CLOSED
35245,25,--,0,CLOSED
37237,25,--,0,CLOSED
35924,25,--,0,CLOSED
37236,25,--,0,CLOSED
34820,25,--,0,CLOSED
34822,25,--,0,CLOSED
34823,25,--,0,CLOSED
37073,25,--,0,CLOSED
38866,25,--,0,CLOSED
34824,25,--,0,CLOSED
38867,25,--,0,CLOSED
38401,25,--,0,CLOSED
36802,25,--,0,CLOSED
37235,25,--,0,CLOSED
38148,35,--,0,CLOSED
38268,35,--,0,CLOSED
38149,35,--,0,CLOSED
38740,5,--,0,CLOSED
32682,22,--,0,CLOSED
37336,22,--,0,CLOSED
32684,22,--,0,CLOSED
37297,24,--,0,CLOSED
36373,24,--,0,CLOSED
36374,20,--,0,CLOSED
35428,20,--,0,CLOSED
36314,20,--,0,CLOSED
36165,20,17,3,OPEN
36164,16,--,0,CLOSED
36168,16,--,0,CLOSED
36176,16,--,0,CLOSED
36778,20,--,0,CLOSED
37298,20,--,0,CLOSED
37299,20,5,15,OPEN
31204,27,--,0,CLOSED
31200,27,--,0,CLOSED
33382,27,--,0,CLOSED
33384,27,--,0,CLOSED
36014,27,--,0,CLOSED
33383,27,--,0,CLOSED
36043,27,--,0,CLOSED
30213,27,--,0,CLOSED
38425,27,--,0,CLOSED
32093,24,--,0,CLOSED
32513,24,--,0,CLOSED
32094,24,--,0,CLOSED
33386,24,--,0,CLOSED
35053,24,--,0,CLOSED
33772,24,--,0,CLOSED
35557,24,--,0,CLOSED
32765,24,--,0,CLOSED
36044,24,--,0,CLOSED
33791,28,--,0,CLOSED
32510,28,--,0,CLOSED
35775,28,--,0,CLOSED
30307,30,--,0,CLOSED
32301,30,--,0,CLOSED
33944,30,--,0,CLOSED
33949,30,--,0,CLOSED
33951,30,--,0,CLOSED
33952,30,--,0,CLOSED
33962,30,--,0,CLOSED
33971,30,--,0,CLOSED
33972,30,--,0,CLOSED
33974,30,--,0,CLOSED
35401,30,--,0,CLOSED
38259,30,--,0,CLOSED
33940,30,--,0,CLOSED
33943,30,--,0,CLOSED
33963,30,--,0,CLOSED
33965,30,--,0,CLOSED
33970,30,--,0,CLOSED
34832,24,--,0,CLOSED
37910,24,--,0,CLOSED
37557,30,--,0,CLOSED
38260,1,--,0,CLOSED
38900,1,--,0,CLOSED
37558,24,--,0,CLOSED
37027,27,--,0,CLOSED
32508,16,--,0,CLOSED
32517,12,--,0,CLOSED
38557,12,--,0,CLOSED
32030,10,--,0,CLOSED
34034,40,--,0,CLOSED
34037,40,--,0,Waitlisted
38095,30,--,0,CLOSED
33191,40,--,0,CLOSED
33676,40,--,0,CLOSED
33861,40,--,0,CLOSED
36388,40,--,0,CLOSED
34038,40,--,0,CLOSED
38487,40,--,0,CLOSED
34039,60,--,0,CLOSED
33839,40,--,0,CLOSED
33682,40,--,0,CLOSED
33683,40,--,0,CLOSED
33840,40,--,0,Waitlisted
33843,40,--,0,Waitlisted
35585,40,--,0,Waitlisted
33848,40,--,0,Waitlisted
34041,40,--,0,Waitlisted
34042,40,--,0,Waitlisted
36390,60,--,0,CLOSED
34044,40,--,0,Waitlisted
37300,40,--,0,Waitlisted
38841,40,--,0,CLOSED
38843,40,--,0,CLOSED
38842,40,--,0,CLOSED
38844,40,--,0,CLOSED
38845,40,--,0,CLOSED
38870,40,--,0,CLOSED
38871,40,--,0,CLOSED
37308,40,--,0,CLOSED
37102,85,--,0,CLOSED
38014,40,--,0,Waitlisted
30178,80,--,0,CLOSED
36066,80,--,0,CLOSED
38467,35,--,0,CLOSED
30182,40,--,0,CLOSED
31709,40,--,0,CLOSED
38390,40,--,0,CLOSED
31211,40,--,0,CLOSED
33560,40,--,0,CLOSED
38435,40,--,0,CLOSED
30327,85,--,0,CLOSED
35032,40,--,0,CLOSED
35033,85,--,0,CLOSED
37961,40,--,0,Waitlisted
38512,40,--,0,Waitlisted
36415,40,--,0,CLOSED
38515,30,--,0,CLOSED
38721,30,--,0,CLOSED
30738,40,--,0,CLOSED
34639,40,--,0,CLOSED
37256,40,26,14,OPEN
32060,40,--,0,CLOSED
38389,40,--,0,CLOSED
38090,40,--,0,CLOSED
37104,40,--,0,CLOSED
32229,40,--,0,CLOSED
35126,40,--,0,CLOSED
30195,40,--,0,CLOSED
30264,40,--,0,CLOSED
38275,40,--,0,CLOSED
37662,40,--,0,CLOSED
33795,85,--,0,CLOSED
33800,40,--,0,CLOSED
37115,40,--,0,CLOSED
37257,40,--,0,CLOSED
37834,40,--,0,CLOSED
36625,40,--,0,CLOSED
35055,35,--,0,CLOSED
36530,35,--,0,CLOSED
35618,35,--,0,CLOSED
36489,65,--,0,CLOSED
36694,35,--,0,CLOSED
32945,35,--,0,Waitlisted
37982,35,--,0,CLOSED
35587,35,--,0,CLOSED
37313,35,--,0,CLOSED
36123,35,25,10,OPEN
38513,35,8,27,OPEN
32792,30,--,0,CLOSED
38739,5,--,0,CLOSED
38810,5,--,0,CLOSED
38860,1,--,0,CLOSED
38868,1,--,0,CLOSED
38894,1,--,0,CLOSED
38903,1,--,0,CLOSED
38910,1,0,1,Permission of Dean
37048,5,--,0,CLOSED
37935,3,--,0,CLOSED
38825,5,--,0,CLOSED
38872,1,--,0,CLOSED
38888,5,--,0,CLOSED
38780,1,0,1,Permission of Dean
38468,35,--,0,CLOSED
38469,35,3,32,OPEN
38470,35,11,24,OPEN
38096,40,--,0,CLOSED
37843,40,--,0,Waitlisted
36128,40,--,0,CLOSED
36124,80,--,0,CLOSED
37295,40,--,0,CLOSED
36125,40,--,0,CLOSED
31868,40,--,0,CLOSED
36536,40,--,0,CLOSED
36537,40,--,0,CLOSED
32794,40,--,0,CLOSED
38466,40,--,0,Waitlisted
37459,25,10,15,OPEN
37461,25,--,0,Waitlisted
37463,25,5,20,OPEN
38803,16,12,4,OPEN
37465,25,16,9,OPEN
38573,25,--,0,Waitlisted
37467,25,--,0,See Instructor
37471,25,--,0,Waitlisted
36660,20,8,12,OPEN
38574,20,--,0,Waitlisted
36658,20,--,0,See Instructor
37476,16,--,0,See Instructor
38575,20,6,14,OPEN
38577,25,12,13,OPEN
37475,20,--,0,See Instructor
38254,20,11,9,OPEN
31315,40,--,0,CLOSED
38670,40,--,0,CLOSED
30558,40,--,0,CLOSED
33140,40,--,0,CLOSED
30253,40,--,0,CLOSED
32160,40,--,0,CLOSED
32193,40,--,0,CLOSED
37709,40,--,0,CLOSED
38856,40,7,33,OPEN
38655,40,--,0,CLOSED
35622,40,--,0,CLOSED
34375,40,5,35,OPEN
35631,40,8,32,OPEN
34728,40,--,0,CLOSED
38858,40,--,0,CLOSED
38564,40,--,0,CLOSED
38565,40,--,0,CLOSED
34724,40,--,0,CLOSED
38566,40,--,0,CLOSED
35136,40,--,0,CLOSED
37718,40,--,0,CLOSED
31562,40,--,0,CLOSED
34010,40,--,0,CLOSED
38667,40,--,0,CLOSED
30748,40,--,0,CLOSED
36138,40,--,0,CLOSED
38713,40,--,0,Waitlisted
30135,40,--,0,CLOSED
35770,40,--,0,CLOSED
31563,40,--,0,CLOSED
36699,40,--,0,CLOSED
38896,40,--,0,CLOSED
30599,40,--,0,CLOSED
30644,40,--,0,CLOSED
38808,35,4,31,OPEN
38711,40,--,0,CLOSED
38712,40,--,0,CLOSED
36140,40,--,0,CLOSED
35628,40,--,0,CLOSED
38571,40,--,0,CLOSED
35686,40,--,0,CLOSED
30246,27,--,0,CLOSED
30248,27,--,0,CLOSED
32445,27,--,0,CLOSED
32100,27,--,0,CLOSED
30156,27,--,0,CLOSED
30247,27,--,0,CLOSED
31086,27,--,0,CLOSED
31188,27,--,0,CLOSED
33977,27,--,0,CLOSED
36041,27,--,0,CLOSED
30163,27,--,0,CLOSED
30300,27,--,0,CLOSED
32446,27,--,0,CLOSED
30250,27,--,0,CLOSED
32447,27,--,0,CLOSED
30252,27,--,0,CLOSED
31327,27,--,0,CLOSED
33555,27,--,0,CLOSED
30804,27,--,0,CLOSED
31164,27,--,0,CLOSED
36558,27,--,0,CLOSED
37873,27,--,0,CLOSED
30251,27,--,0,CLOSED
30467,27,--,0,CLOSED
32441,27,--,0,CLOSED
32442,27,--,0,CLOSED
37874,27,--,0,CLOSED
30807,27,--,0,CLOSED
30470,27,--,0,CLOSED
33377,24,--,0,CLOSED
35353,24,--,0,CLOSED
34391,24,--,0,CLOSED
33691,24,--,0,CLOSED
38742,5,--,0,CLOSED
30344,27,--,0,CLOSED
32299,27,--,0,CLOSED
37934,27,--,0,CLOSED
38857,27,--,0,CLOSED
30345,27,--,0,CLOSED
30259,27,--,0,CLOSED
31035,27,--,0,CLOSED
31091,27,--,0,CLOSED
31161,27,--,0,CLOSED
31301,27,--,0,CLOSED
32105,27,--,0,CLOSED
30164,27,--,0,CLOSED
32451,27,--,0,CLOSED
30365,30,--,0,CLOSED
30828,30,--,0,CLOSED
31957,30,--,0,CLOSED
31346,30,--,0,CLOSED
31445,30,--,0,CLOSED
31374,30,--,0,CLOSED
38639,25,--,0,CLOSED
36030,25,--,0,CLOSED
33212,25,--,0,See Instructor
38640,25,--,0,CLOSED
33312,25,--,0,CLOSED
30514,25,--,0,CLOSED
38402,25,--,0,CLOSED
36029,25,--,0,CLOSED
31576,25,--,0,CLOSED
36657,25,--,0,CLOSED
35248,25,--,0,CLOSED
35284,60,--,0,CLOSED
38684,48,--,0,CLOSED
35285,60,--,0,CLOSED
37543,60,--,0,CLOSED
35288,60,--,0,CLOSED
35289,120,--,0,CLOSED
37861,60,--,0,CLOSED
35300,60,--,0,CLOSED
35302,60,--,0,CLOSED
35303,60,--,0,CLOSED
35305,35,--,0,CLOSED
35304,120,--,0,CLOSED
35307,60,--,0,CLOSED
35269,120,--,0,CLOSED
38600,75,--,0,CLOSED
35270,24,--,0,CLOSED
35273,24,--,0,CLOSED
35272,24,--,0,CLOSED
37088,22,--,0,CLOSED
38642,22,--,0,CLOSED
35277,16,--,0,CLOSED
37142,24,--,0,CLOSED
35279,16,--,0,CLOSED
38643,22,--,0,CLOSED
36315,32,--,0,CLOSED
30502,32,--,0,CLOSED
34490,32,--,0,CLOSED
35102,32,--,0,CLOSED
37978,32,--,0,CLOSED
37979,32,--,0,CLOSED
37980,32,--,0,CLOSED
30289,32,--,0,CLOSED
37254,32,--,0,CLOSED
30509,100,--,0,CLOSED
38066,30,--,0,CLOSED
36484,30,--,0,CLOSED
35068,30,--,0,CLOSED
36345,30,--,0,CLOSED
36381,30,--,0,CLOSED
37007,30,--,0,CLOSED
38067,30,--,0,CLOSED
30294,30,--,0,CLOSED
38318,30,--,0,CLOSED
31478,30,--,0,CLOSED
37084,30,--,0,CLOSED
35671,40,--,0,CLOSED
35672,30,24,6,OPEN
38320,20,--,0,CLOSED
37251,30,--,0,CLOSED
38322,30,--,0,CLOSED
37248,20,--,0,CLOSED
35675,30,--,0,CLOSED
37072,30,7,23,OPEN
37247,30,--,0,CLOSED
33066,30,--,0,CLOSED
37928,30,--,0,CLOSED
35563,30,--,0,CLOSED
35564,30,--,0,CLOSED
35692,30,--,0,CLOSED
38593,30,--,0,CLOSED
38689,30,--,0,CLOSED
33041,30,--,0,CLOSED
33044,30,--,0,CLOSED
33045,30,--,0,CLOSED
33373,30,--,0,CLOSED
37941,30,--,0,CLOSED
38381,60,--,0,CLOSED
33138,60,--,0,CLOSED
37943,60,--,0,CLOSED
37996,60,--,0,Waitlisted
38043,1,0,1,Permission of Instructor
38044,5,1,4,Permission of Dean
35501,18,--,0,CLOSED
35866,18,0,18,OPEN
35867,18,3,15,OPEN
33996,18,--,0,CLOSED
33997,18,--,0,CLOSED
34003,18,11,7,OPEN
34004,18,11,7,OPEN
37678,35,--,0,CLOSED
37679,35,--,0,CLOSED
37032,35,--,0,Waitlisted
37680,35,--,0,Waitlisted
37681,35,--,0,CLOSED
31077,35,12,23,OPEN
38840,30,0,30,Restricted: Dual Enrollment
38838,18,0,18,Restricted: Dual Enrollment
38839,27,0,27,Restricted: Dual Enrollment
31451,35,--,0,CLOSED
30869,35,--,0,CLOSED
31630,35,--,0,CLOSED
31461,35,--,0,CLOSED
37758,35,--,0,CLOSED
37759,35,--,0,CLOSED
37760,35,--,0,CLOSED
37864,35,--,0,CLOSED
38835,25,--,0,CLOSED
38834,25,--,0,CLOSED
38836,25,--,0,CLOSED
38837,25,--,0,CLOSED
37683,35,--,0,CLOSED
37684,35,--,0,CLOSED
38912,30,--,0,Waitlisted
31128,30,--,0,CLOSED
34983,30,--,0,CLOSED
36336,30,--,0,CLOSED
36446,30,--,0,CLOSED
37849,30,--,0,CLOSED
37850,30,--,0,CLOSED
38614,30,--,0,CLOSED
37166,30,--,0,CLOSED
36420,30,--,0,CLOSED
37045,30,--,0,CLOSED
37985,30,--,0,CLOSED
36335,30,--,0,CLOSED
32284,30,--,0,CLOSED
37973,30,--,0,CLOSED
38372,30,--,0,CLOSED
37772,30,--,0,CLOSED
38373,30,--,0,CLOSED
38342,30,--,0,CLOSED
38034,30,--,0,CLOSED
36833,30,--,0,CLOSED
32277,30,--,0,CLOSED
38519,30,--,0,CLOSED
38363,1,--,0,CLOSED
38022,30,--,0,CLOSED
32685,16,--,0,CLOSED
35413,16,--,0,CLOSED
32686,24,--,0,CLOSED
37730,16,--,0,CLOSED
37673,16,--,0,CLOSED
38817,6,--,0,CLOSED
38818,6,--,0,CLOSED
38819,6,--,0,CLOSED
38716,16,--,0,CLOSED
35211,12,--,0,CLOSED
37671,15,--,0,CLOSED
32738,18,--,0,CLOSED
31139,30,--,0,CLOSED
31028,30,--,0,CLOSED
38722,30,--,0,CLOSED
38723,30,--,0,CLOSED
34412,30,--,0,CLOSED
34413,30,--,0,CLOSED
30290,30,--,0,CLOSED
32822,30,--,0,CLOSED
38724,30,--,0,CLOSED
37870,30,--,0,CLOSED
38725,30,--,0,CLOSED
37871,30,--,0,CLOSED
38307,30,--,0,CLOSED
38308,30,--,0,CLOSED
38733,30,--,0,CLOSED
38304,30,--,0,CLOSED
38306,30,--,0,CLOSED
35536,30,--,0,CLOSED
35537,30,--,0,CLOSED
31640,1,--,0,CLOSED
37388,30,--,0,CLOSED
38545,30,--,0,CLOSED
38299,30,--,0,CLOSED
38081,30,--,0,CLOSED
38300,20,--,0,CLOSED
38301,20,--,0,CLOSED
35758,20,--,0,CLOSED
37565,20,--,0,CLOSED
32713,8,--,0,CLOSED
38801,8,--,0,CLOSED
32714,7,--,0,CLOSED
38911,7,--,0,CLOSED
32715,16,--,0,CLOSED
34837,16,--,0,CLOSED
38351,16,--,0,CLOSED
38352,16,--,0,CLOSED
32718,16,--,0,CLOSED
38822,1,--,0,CLOSED
36356,16,13,3,Restricted: Dental Hygiene
37669,8,--,0,CLOSED
37727,8,--,0,CLOSED
36575,24,--,0,CLOSED
36576,24,--,0,CLOSED
37659,24,--,0,CLOSED
36538,24,--,0,CLOSED
36572,24,--,0,CLOSED
36546,24,--,0,CLOSED
36548,24,--,0,CLOSED
36550,24,--,0,CLOSED
36605,24,--,0,CLOSED
36543,24,--,0,CLOSED
36544,24,--,0,CLOSED
36606,24,--,0,CLOSED
36545,24,--,0,CLOSED
36690,24,--,0,CLOSED
36540,24,--,0,CLOSED
36553,24,--,0,CLOSED
36555,24,--,0,CLOSED
38786,24,--,0,CLOSED
36551,24,--,0,CLOSED
36640,24,--,0,CLOSED
37661,24,--,0,CLOSED
37061,24,--,0,CLOSED
36634,24,--,0,CLOSED
38815,24,--,0,CLOSED
36633,24,--,0,CLOSED
38816,24,--,0,CLOSED
36556,24,--,0,CLOSED
38584,20,16,4,OPEN
38585,20,18,2,OPEN
38586,20,15,5,OPEN
38727,20,11,9,OPEN
38246,20,19,1,OPEN
34499,24,--,0,CLOSED
33563,24,--,0,CLOSED
37232,24,--,0,CLOSED
37233,24,--,0,CLOSED
33487,24,--,0,CLOSED
33650,24,--,0,CLOSED
38489,24,--,0,CLOSED
33491,24,--,0,CLOSED
37120,24,--,0,CLOSED
31541,40,--,0,CLOSED
30385,40,--,0,CLOSED
32341,40,--,0,CLOSED
36151,40,--,0,CLOSED
36153,40,--,0,CLOSED
37138,40,--,0,CLOSED
32339,40,--,0,CLOSED
30374,40,--,0,CLOSED
31341,40,--,0,CLOSED
32338,40,--,0,CLOSED
36150,40,--,0,CLOSED
38045,40,--,0,CLOSED
38443,40,--,0,CLOSED
38718,40,--,0,CLOSED
37705,40,--,0,CLOSED
30511,40,--,0,CLOSED
36700,40,--,0,CLOSED
31558,40,--,0,CLOSED
31713,40,--,0,CLOSED
33911,40,--,0,CLOSED
33912,40,--,0,CLOSED
34620,40,--,0,CLOSED
37706,40,--,0,CLOSED
37707,40,--,0,CLOSED
38047,40,--,0,CLOSED
36702,35,--,0,CLOSED
38143,25,--,0,CLOSED
38142,25,--,0,CLOSED
34520,40,--,0,CLOSED
38145,40,--,0,Waitlisted
33609,20,--,0,CLOSED
35471,20,--,0,CLOSED
38524,20,--,0,CLOSED
38653,20,--,0,CLOSED
32801,20,--,0,CLOSED
36023,20,--,0,CLOSED
32802,20,--,0,CLOSED
33593,20,--,0,CLOSED
33594,20,1,19,OPEN
34506,20,0,20,OPEN
32803,20,--,0,CLOSED
33595,20,--,0,CLOSED
33596,20,0,19,OPEN
34508,20,0,20,OPEN
37831,16,--,0,CLOSED
37832,16,2,14,OPEN
30412,40,--,0,CLOSED
35206,40,--,0,CLOSED
35789,40,14,26,OPEN
31506,40,--,0,CLOSED
37778,40,6,34,OPEN
37777,40,8,32,OPEN
37002,40,--,0,CLOSED
37003,40,--,0,CLOSED
37001,40,14,26,OPEN
37780,40,8,32,OPEN
37006,40,--,0,CLOSED
37781,40,6,34,OPEN
30226,28,--,0,CLOSED
30419,28,--,0,CLOSED
30423,28,--,0,CLOSED
30435,28,--,0,CLOSED
30445,28,--,0,CLOSED
30459,28,--,0,CLOSED
31212,28,--,0,CLOSED
31328,28,--,0,CLOSED
31505,28,--,0,CLOSED
32463,28,--,0,CLOSED
32471,28,--,0,CLOSED
35412,28,--,0,CLOSED
35429,28,--,0,CLOSED
35712,28,--,0,CLOSED
35717,28,--,0,CLOSED
35959,28,--,0,CLOSED
36505,28,--,0,CLOSED
36529,28,--,0,CLOSED
36642,28,--,0,CLOSED
37290,28,--,0,CLOSED
38115,28,--,0,CLOSED
38118,28,--,0,CLOSED
38130,28,--,0,CLOSED
38131,28,--,0,CLOSED
38137,28,--,0,CLOSED
30245,28,--,0,CLOSED
30420,28,--,0,CLOSED
30434,28,--,0,CLOSED
30436,28,--,0,CLOSED
30443,28,--,0,CLOSED
30444,28,--,0,CLOSED
30456,28,--,0,CLOSED
30830,28,--,0,CLOSED
32464,28,--,0,CLOSED
32473,28,--,0,CLOSED
36507,28,--,0,CLOSED
36641,28,--,0,CLOSED
37292,28,--,0,CLOSED
38121,28,--,0,CLOSED
38127,28,--,0,CLOSED
38132,28,--,0,CLOSED
38133,28,--,0,CLOSED
30431,28,--,0,CLOSED
30432,28,--,0,CLOSED
31697,28,--,0,CLOSED
30452,28,--,0,CLOSED
30584,28,--,0,CLOSED
32211,28,--,0,CLOSED
32212,28,--,0,CLOSED
32466,28,--,0,CLOSED
35754,28,--,0,CLOSED
35767,28,--,0,CLOSED
35967,28,--,0,CLOSED
36492,28,--,0,CLOSED
37293,28,--,0,CLOSED
37294,28,--,0,CLOSED
37521,28,--,0,CLOSED
37522,28,--,0,CLOSED
37524,28,--,0,CLOSED
38032,28,--,0,Waitlisted
34589,28,--,0,CLOSED
35753,28,--,0,Waitlisted
35779,28,--,0,Waitlisted
35828,28,--,0,Waitlisted
37523,28,--,0,Waitlisted
37525,28,--,0,Waitlisted
38056,28,--,0,CLOSED
38057,28,--,0,CLOSED
38064,28,--,0,Waitlisted
31587,28,27,1,OPEN
36431,28,--,0,See Instructor
37530,28,25,3,OPEN
38010,28,--,0,See Instructor
33923,28,--,0,CLOSED
37100,28,--,0,CLOSED
38136,28,--,0,CLOSED
35222,28,--,0,CLOSED
35498,28,--,0,Waitlisted
37145,28,--,0,CLOSED
37520,28,--,0,CLOSED
37963,28,--,0,Waitlisted
38873,28,--,0,See Instructor
37492,25,--,0,CLOSED
30462,28,--,0,CLOSED
30471,28,--,0,CLOSED
30688,28,--,0,CLOSED
37309,28,--,0,CLOSED
37310,28,--,0,CLOSED
37311,28,--,0,CLOSED
37312,28,--,0,CLOSED
37321,28,--,0,CLOSED
37326,28,--,0,CLOSED
38797,28,--,0,CLOSED
38799,28,--,0,CLOSED
38875,28,--,0,CLOSED
30308,28,--,0,CLOSED
30398,28,--,0,CLOSED
30400,28,--,0,CLOSED
30760,28,--,0,CLOSED
36387,28,--,0,CLOSED
37315,28,--,0,CLOSED
37316,28,--,0,CLOSED
37912,28,--,0,CLOSED
38536,28,--,0,CLOSED
38798,28,--,0,CLOSED
38804,28,--,0,CLOSED
38805,28,--,0,CLOSED
38859,28,--,0,CLOSED
37570,28,--,0,CLOSED
38785,28,--,0,CLOSED
37328,28,--,0,CLOSED
35497,28,--,0,CLOSED
35893,28,--,0,CLOSED
35984,28,--,0,CLOSED
37323,28,--,0,CLOSED
37512,28,--,0,CLOSED
37513,28,--,0,CLOSED
37515,28,--,0,CLOSED
37516,28,--,0,CLOSED
37517,28,--,0,CLOSED
37897,28,--,0,CLOSED
37898,28,--,0,CLOSED
37901,28,--,0,CLOSED
38806,28,--,0,CLOSED
38848,28,--,0,CLOSED
38176,28,--,0,CLOSED
37324,28,--,0,CLOSED
38020,28,--,0,Waitlisted
38030,28,--,0,CLOSED
38058,28,--,0,Waitlisted
37957,28,--,0,See Instructor
37920,28,--,0,CLOSED
37702,28,--,0,CLOSED
36377,28,--,0,Waitlisted
37325,28,--,0,CLOSED
37951,28,--,0,CLOSED
37970,28,--,0,CLOSED
37932,25,--,0,CLOSED
37493,25,--,0,CLOSED
30003,28,--,0,CLOSED
30310,30,--,0,CLOSED
32758,28,--,0,CLOSED
33369,28,--,0,CLOSED
35420,28,--,0,CLOSED
35780,28,--,0,CLOSED
35985,28,--,0,CLOSED
35989,28,--,0,CLOSED
38140,28,--,0,CLOSED
30477,28,--,0,CLOSED
30488,28,--,0,CLOSED
30496,28,--,0,CLOSED
33368,28,--,0,CLOSED
34798,28,--,0,CLOSED
35814,28,--,0,CLOSED
37133,28,--,0,CLOSED
34755,28,--,0,CLOSED
36343,28,--,0,CLOSED
35903,28,--,0,CLOSED
35981,28,--,0,CLOSED
35982,28,--,0,CLOSED
36386,28,--,0,CLOSED
36522,28,--,0,CLOSED
36570,28,--,0,CLOSED
37128,28,--,0,CLOSED
37332,28,--,0,CLOSED
37333,28,--,0,CLOSED
37899,28,--,0,CLOSED
38178,28,--,0,CLOSED
38516,28,--,0,CLOSED
38060,28,--,0,Waitlisted
36523,28,24,4,OPEN
37146,28,--,0,Waitlisted
38019,28,10,18,OPEN
38637,30,--,0,CLOSED
36294,25,--,0,CLOSED
36293,25,--,0,CLOSED
30478,28,--,0,CLOSED
37330,28,--,0,CLOSED
38517,28,--,0,CLOSED
37329,28,--,0,CLOSED
38483,15,--,0,CLOSED
37331,28,--,0,CLOSED
35983,28,--,0,CLOSED
31005,25,--,0,CLOSED
31536,25,--,0,CLOSED
37914,25,--,0,CLOSED
38553,25,--,0,CLOSED
31319,25,--,0,CLOSED
31669,25,--,0,CLOSED
35145,1,--,0,CLOSED
38475,30,--,0,CLOSED
37494,30,--,0,CLOSED
38480,30,--,0,CLOSED
32457,30,--,0,CLOSED
30486,36,--,0,CLOSED
30422,36,--,0,CLOSED
38696,30,--,0,CLOSED
38481,30,--,0,CLOSED
32757,30,--,0,CLOSED
35130,30,--,0,CLOSED
38518,28,--,0,CLOSED
37509,30,--,0,CLOSED
38618,30,--,0,CLOSED
37511,30,--,0,CLOSED
37283,28,--,0,CLOSED
37281,28,--,0,CLOSED
37284,28,--,0,CLOSED
38138,28,--,0,CLOSED
37285,28,--,0,CLOSED
37291,28,--,0,CLOSED
31723,24,--,0,CLOSED
30210,24,--,0,CLOSED
32317,24,--,0,CLOSED
35477,24,--,0,CLOSED
36571,24,--,0,CLOSED
36243,24,--,0,CLOSED
36322,24,--,0,CLOSED
35079,24,--,0,CLOSED
34342,27,--,0,CLOSED
30169,30,--,0,CLOSED
33893,30,--,0,CLOSED
33894,30,--,0,CLOSED
30170,30,--,0,CLOSED
31154,30,--,0,Waitlisted
33773,27,--,0,CLOSED
33610,30,--,0,CLOSED
37559,27,--,0,CLOSED
38102,25,--,0,CLOSED
38103,25,--,0,CLOSED
38105,25,11,14,OPEN
38098,25,--,0,CLOSED
38099,25,--,0,CLOSED
38101,25,20,5,OPEN
38106,25,--,0,CLOSED
38109,25,--,0,CLOSED
38108,25,--,0,CLOSED
38485,25,--,0,CLOSED
31497,25,--,0,CLOSED
38486,25,10,15,OPEN
38802,25,--,0,CLOSED
38113,25,--,0,CLOSED
38116,25,--,0,CLOSED
30686,25,--,0,CLOSED
36009,25,--,0,CLOSED
38112,25,--,0,Waitlisted
38192,20,12,8,OPEN
38193,20,2,18,OPEN
38180,30,22,8,OPEN
38492,20,12,8,OPEN
38181,30,--,0,See Instructor
38494,20,9,11,OPEN
38182,30,7,23,OPEN
38183,30,9,21,OPEN
38184,30,16,14,OPEN
38213,26,--,0,See Instructor
38214,26,25,1,OPEN
34102,30,--,0,See Instructor
37382,30,25,5,OPEN
38215,30,20,10,OPEN
38216,30,--,0,See Instructor
38501,29,15,14,OPEN
38500,29,--,0,See Instructor
34109,30,12,18,OPEN
37384,30,11,19,OPEN
38217,30,10,20,OPEN
38219,30,29,1,OPEN
34112,30,18,12,OPEN
34116,30,--,0,See Instructor
38792,30,--,0,See Instructor
34118,30,--,0,See Instructor
38220,30,--,0,See Instructor
38503,30,9,21,OPEN
38502,30,--,0,See Instructor
34119,30,7,23,OPEN
34123,30,29,1,OPEN
38898,30,9,21,OPEN
34122,30,19,11,OPEN
34126,30,22,8,OPEN
34127,30,--,0,See Instructor
34133,30,28,2,OPEN
34131,30,29,1,OPEN
34136,30,28,2,OPEN
38505,30,--,0,Waitlisted
38504,30,28,2,OPEN
34137,30,--,0,Waitlisted
34140,30,10,20,OPEN
34142,30,15,15,OPEN
37884,30,10,20,OPEN
34143,30,--,0,See Instructor
37939,30,--,0,See Instructor
38795,30,--,0,See Instructor
34148,30,16,14,OPEN
34150,30,25,5,OPEN
38507,30,15,15,OPEN
38506,30,--,0,See Instructor
34151,30,--,0,Waitlisted
38082,30,25,5,OPEN
38899,30,9,21,OPEN
34153,30,15,15,OPEN
34155,30,10,20,OPEN
34163,30,19,11,OPEN
35908,30,28,2,OPEN
38796,30,24,6,OPEN
35907,30,21,9,OPEN
37446,30,25,5,OPEN
38509,30,14,16,OPEN
38508,30,9,21,OPEN
34166,30,--,0,Waitlisted
38221,30,12,18,OPEN
35911,30,20,10,OPEN
38222,30,11,19,OPEN
38223,30,--,0,See Instructor
38224,30,--,0,Waitlisted
35351,30,27,3,OPEN
38195,30,21,9,OPEN
38496,30,13,17,OPEN
38497,15,--,0,See Instructor
35350,30,13,17,OPEN
37975,15,0,15,OPEN
36637,30,28,2,OPEN
38203,30,6,24,OPEN
35358,30,28,2,OPEN
38191,30,--,0,See Instructor
38196,30,--,0,See Instructor
38197,30,7,23,OPEN
38185,30,22,8,OPEN
35357,30,17,13,OPEN
37306,30,16,14,OPEN
35361,25,--,0,See Instructor
37193,25,--,0,See Instructor
38206,25,12,13,OPEN
35363,25,11,14,OPEN
38499,25,--,0,See Instructor
38198,25,20,5,OPEN
38186,25,20,5,OPEN
37194,25,5,20,OPEN
38207,25,4,21,OPEN
35365,30,26,4,OPEN
35364,30,15,15,OPEN
35367,30,14,16,OPEN
37937,30,22,8,OPEN
38208,30,10,20,OPEN
35368,25,12,13,OPEN
35369,25,17,8,OPEN
38190,30,5,25,OPEN
37192,30,20,10,OPEN
37940,30,12,18,OPEN
37307,30,19,11,OPEN
38209,25,17,8,OPEN
38187,25,12,13,OPEN
38210,25,--,0,Waitlisted
38189,30,26,4,OPEN
38188,30,12,18,OPEN
38396,30,25,5,OPEN
38397,30,6,24,OPEN
35374,25,22,3,OPEN
35376,25,18,7,OPEN
38211,25,16,9,OPEN
38212,25,14,11,OPEN
37625,40,--,0,CLOSED
38862,40,--,0,CLOSED
37630,40,--,0,CLOSED
37631,40,--,0,CLOSED
37688,40,--,0,CLOSED
37624,40,--,0,CLOSED
38878,40,--,0,CLOSED
38906,40,--,0,CLOSED
38616,40,0,23,Restricted: Dual Enrollment
38482,30,--,0,CLOSED
38313,40,--,0,CLOSED
38315,40,--,0,CLOSED
37620,40,--,0,CLOSED
38472,30,--,0,CLOSED
37674,40,--,0,CLOSED
37668,40,--,0,CLOSED
37676,40,--,0,CLOSED
38418,40,--,0,CLOSED
37616,40,--,0,CLOSED
37677,40,--,0,CLOSED
37700,40,--,0,CLOSED
37690,40,--,0,CLOSED
38421,40,--,0,CLOSED
38473,30,--,0,CLOSED
37786,40,--,0,CLOSED
30904,26,--,0,CLOSED
37636,26,--,0,CLOSED
30391,26,--,0,CLOSED
31334,26,--,0,CLOSED
32904,20,--,0,CLOSED
30665,35,--,0,CLOSED
32770,35,--,0,CLOSED
32182,24,--,0,CLOSED
38442,24,--,0,CLOSED
31180,24,--,0,CLOSED
30863,24,--,0,CLOSED
32761,20,--,0,CLOSED
30194,20,--,0,CLOSED
31163,20,--,0,CLOSED
31146,20,--,0,CLOSED
34208,20,--,0,CLOSED
38445,20,--,0,CLOSED
34981,35,--,0,CLOSED
35297,20,--,0,CLOSED
32771,20,--,0,CLOSED
38092,40,--,0,CLOSED
38432,40,--,0,CLOSED
38767,30,--,0,CLOSED
38093,40,--,0,CLOSED
38433,40,--,0,Waitlisted
37278,40,--,0,CLOSED
30639,30,--,0,CLOSED
30643,30,--,0,CLOSED
30636,30,--,0,CLOSED
30427,30,--,0,CLOSED
38800,30,--,0,CLOSED
30492,30,--,0,CLOSED
30733,30,--,0,CLOSED
30647,25,--,0,CLOSED
33990,25,--,0,CLOSED
33985,25,--,0,CLOSED
38405,25,--,0,CLOSED
38715,25,--,0,CLOSED
38404,25,--,0,CLOSED
34180,21,4,17,Restricted: See Counselor
34181,21,0,21,Restricted: See Counselor
34182,21,2,19,Restricted: See Counselor
38173,21,2,19,Restricted: See Counselor
38775,21,2,19,Restricted: See Counselor
34183,21,0,21,Restricted: See Counselor
34184,21,2,19,Restricted: See Counselor
38776,21,0,21,Restricted: See Counselor
34185,21,0,21,Restricted: See Counselor
38175,21,1,20,Restricted: See Counselor
37112,21,0,21,Restricted: See Counselor
38174,21,2,19,Restricted: See Counselor
34014,35,--,0,CLOSED
36585,35,--,0,CLOSED
30656,35,--,0,CLOSED
30657,35,--,0,CLOSED
31516,35,--,0,CLOSED
32132,35,--,0,CLOSED
32983,35,--,0,CLOSED
33891,35,--,0,CLOSED
33220,35,--,0,CLOSED
35730,35,--,0,CLOSED
38000,35,--,0,CLOSED
38011,35,--,0,CLOSED
33228,35,--,0,CLOSED
33229,35,--,0,CLOSED
36001,35,--,0,CLOSED
37114,35,--,0,CLOSED
38035,35,--,0,CLOSED
30347,35,--,0,CLOSED
30349,35,--,0,CLOSED
32061,35,--,0,CLOSED
38155,35,--,0,CLOSED
38735,25,--,0,CLOSED
36003,24,--,0,CLOSED
33526,24,--,0,CLOSED
38156,35,9,26,OPEN
33204,1,--,0,CLOSED
37428,24,--,0,CLOSED
37429,24,15,9,OPEN
30661,35,--,0,CLOSED
31634,30,--,0,CLOSED
31654,35,--,0,CLOSED
34812,30,--,0,CLOSED
36005,30,--,0,CLOSED
35414,30,--,0,CLOSED
37430,30,--,0,CLOSED
30684,35,--,0,CLOSED
30196,30,13,17,OPEN
34012,35,--,0,CLOSED
37447,18,--,0,CLOSED
32130,35,--,0,CLOSED
34769,35,--,0,CLOSED
36628,35,--,0,CLOSED
38152,35,--,0,CLOSED
38153,30,--,0,CLOSED
33202,3,--,0,CLOSED
36007,35,--,0,CLOSED
37204,35,--,0,CLOSED
38720,35,--,0,Waitlisted
38695,30,--,0,CLOSED
37670,40,--,0,CLOSED
34368,18,--,0,See Instructor
38582,25,18,7,OPEN
34369,18,14,4,OPEN
38583,25,10,15,OPEN
30794,30,--,0,CLOSED
30778,30,--,0,CLOSED
36741,25,--,0,CLOSED
36742,25,--,0,CLOSED
31608,30,--,0,CLOSED
33735,30,--,0,CLOSED
38294,35,--,0,CLOSED
30660,35,--,0,CLOSED
30784,35,--,0,CLOSED
31192,35,--,0,CLOSED
37391,35,--,0,CLOSED
31419,35,--,0,Waitlisted
37402,35,--,0,Waitlisted
38887,35,--,0,CLOSED
38626,30,--,0,CLOSED
38627,30,--,0,CLOSED
38628,30,--,0,CLOSED
38629,30,--,0,CLOSED
38630,30,--,0,CLOSED
36678,35,--,0,CLOSED
38886,35,--,0,CLOSED
36679,35,--,0,CLOSED
38781,30,10,20,Restricted: Dual Enrollment
37365,35,--,0,CLOSED
30295,40,--,0,CLOSED
30355,40,--,0,CLOSED
30692,40,--,0,CLOSED
35606,40,--,0,CLOSED
34751,40,--,0,CLOSED
37566,40,--,0,CLOSED
33498,40,--,0,CLOSED
38391,40,--,0,CLOSED
34933,40,--,0,CLOSED
35716,40,--,0,CLOSED
30058,40,--,0,CLOSED
31194,36,--,0,CLOSED
31577,40,--,0,CLOSED
32342,40,--,0,CLOSED
35639,40,--,0,CLOSED
30715,40,--,0,CLOSED
32952,40,--,0,CLOSED
35808,40,--,0,CLOSED
30706,40,--,0,CLOSED
32323,40,--,0,CLOSED
32194,40,--,0,CLOSED
33240,40,--,0,CLOSED
33243,40,--,0,CLOSED
38613,40,--,0,CLOSED
33231,40,--,0,CLOSED
33232,40,--,0,CLOSED
33233,40,--,0,CLOSED
33238,40,--,0,CLOSED
33244,40,--,0,CLOSED
33235,40,--,0,CLOSED
33236,40,--,0,CLOSED
33237,40,--,0,Waitlisted
34687,40,--,0,CLOSED
35859,40,--,0,CLOSED
36417,40,--,0,Waitlisted
36456,40,--,0,CLOSED
37179,40,--,0,CLOSED
32056,40,--,0,CLOSED
33937,40,--,0,CLOSED
35612,40,--,0,CLOSED
30723,40,--,0,CLOSED
35610,40,--,0,CLOSED
36819,36,--,0,CLOSED
38561,40,--,0,CLOSED
38594,40,--,0,CLOSED
32346,40,--,0,CLOSED
32345,40,--,0,CLOSED
36705,40,--,0,CLOSED
36706,40,--,0,CLOSED
36707,40,--,0,CLOSED
37745,40,--,0,CLOSED
37746,40,--,0,CLOSED
37748,40,--,0,CLOSED
37749,40,--,0,CLOSED
37752,40,--,0,CLOSED
37750,40,--,0,CLOSED
37753,40,--,0,CLOSED
37757,35,--,0,CLOSED
33953,40,--,0,CLOSED
31157,40,--,0,CLOSED
38885,35,--,0,CLOSED
38717,20,--,0,CLOSED
38612,40,--,0,CLOSED
30040,40,--,0,CLOSED
30063,40,--,0,CLOSED
30855,40,--,0,CLOSED
35644,40,--,0,CLOSED
38540,40,--,0,CLOSED
35788,40,--,0,CLOSED
38312,40,--,0,CLOSED
38314,40,--,0,CLOSED
37588,40,--,0,CLOSED
37584,40,--,0,CLOSED
37585,40,--,0,CLOSED
38416,40,--,0,CLOSED
37591,40,--,0,CLOSED
37593,40,--,0,CLOSED
37592,40,--,0,CLOSED
38419,40,--,0,CLOSED
38779,40,--,0,CLOSED
38778,15,0,15,Restricted
38543,40,--,0,CLOSED
37732,30,--,0,CLOSED
37733,30,--,0,CLOSED
37736,30,--,0,CLOSED
37737,40,--,0,CLOSED
37738,40,--,0,CLOSED
37729,40,--,0,CLOSED
38054,40,--,0,CLOSED
38864,25,18,7,OPEN
38865,25,--,0,See Instructor
38453,40,--,0,CLOSED
38511,40,24,16,OPEN
37470,40,--,0,Waitlisted
38736,40,--,0,Waitlisted
37944,40,--,0,Waitlisted
38455,24,--,0,CLOSED
37945,24,--,0,CLOSED
37221,40,--,0,CLOSED
37222,40,--,0,CLOSED
37223,40,--,0,CLOSED
38456,24,9,15,OPEN
38457,24,--,0,CLOSED
38458,24,5,19,OPEN
31289,40,--,0,CLOSED
35646,40,--,0,CLOSED
35826,40,--,0,CLOSED
35151,40,--,0,CLOSED
38427,40,--,0,CLOSED
30729,40,--,0,CLOSED
38428,40,--,0,CLOSED
37984,40,--,0,CLOSED
38606,30,--,0,CLOSED
37790,35,--,0,CLOSED
37578,35,--,0,CLOSED
38429,40,--,0,CLOSED
37787,40,--,0,CLOSED
37577,40,--,0,CLOSED
32349,40,--,0,CLOSED
32965,40,--,0,CLOSED
37958,40,--,0,CLOSED
38430,40,--,0,CLOSED
34318,30,17,13,OPEN
30446,30,--,0,CLOSED
34735,30,--,0,CLOSED
31050,30,--,0,CLOSED
30736,30,--,0,CLOSED
30293,30,--,0,CLOSED
37031,30,--,0,CLOSED
31590,25,--,0,CLOSED
30662,25,--,0,CLOSED
38406,25,--,0,CLOSED
38407,25,--,0,CLOSED
34386,25,--,0,CLOSED
32610,25,--,0,CLOSED
30481,30,--,0,CLOSED
30730,30,--,0,CLOSED
30739,30,--,0,CLOSED
30482,30,--,0,CLOSED
31431,30,--,0,CLOSED
31465,30,--,0,CLOSED
32031,30,--,0,CLOSED
30744,30,--,0,CLOSED
31281,30,--,0,CLOSED
30740,30,--,0,CLOSED
30746,30,--,0,CLOSED
31684,30,--,0,CLOSED
30742,25,--,0,CLOSED
38415,30,--,0,CLOSED
31687,25,--,0,CLOSED
35926,25,--,0,CLOSED
36793,25,--,0,CLOSED
32223,25,--,0,CLOSED
31303,30,--,0,CLOSED
38311,30,--,0,CLOSED
30753,30,--,0,CLOSED
31754,30,--,0,CLOSED
37793,20,--,0,CLOSED
37845,20,--,0,CLOSED
32313,30,--,0,CLOSED
32314,30,--,0,CLOSED
35224,3,--,0,CLOSED
38881,15,1,14,OPEN
38088,15,10,5,OPEN
36468,40,31,9,OPEN
36469,40,37,3,OPEN
36466,25,--,0,CLOSED
36467,25,--,0,CLOSED
37361,15,--,0,CLOSED
34021,25,--,0,CLOSED
36031,25,--,0,CLOSED
37404,15,--,0,CLOSED
37403,15,--,0,CLOSED
34022,25,--,0,CLOSED
34023,25,--,0,CLOSED
34024,35,--,0,CLOSED
34026,15,--,0,CLOSED
30475,35,--,0,CLOSED
31147,35,--,0,CLOSED
35468,35,--,0,CLOSED
35473,35,--,0,CLOSED
37162,35,--,0,CLOSED
34530,35,--,0,CLOSED
37408,35,--,0,CLOSED
38768,35,--,0,CLOSED
38771,35,--,0,CLOSED
34898,35,--,0,CLOSED
31492,35,--,0,CLOSED
31600,35,--,0,CLOSED
35469,35,--,0,CLOSED
35474,35,--,0,CLOSED
38289,35,--,0,CLOSED
34531,35,--,0,CLOSED
37409,35,--,0,CLOSED
38769,35,--,0,CLOSED
38772,35,--,0,CLOSED
34899,35,--,0,CLOSED
30978,35,--,0,CLOSED
35463,35,--,0,CLOSED
35470,35,--,0,CLOSED
35475,35,--,0,CLOSED
38290,35,--,0,CLOSED
34532,35,--,0,CLOSED
37410,35,--,0,CLOSED
38770,35,--,0,CLOSED
38773,35,--,0,CLOSED
34900,35,--,0,CLOSED
33034,35,--,0,CLOSED
38012,35,--,0,CLOSED
38891,35,--,0,CLOSED
31160,35,--,0,CLOSED
37399,35,--,0,CLOSED
38745,35,--,0,CLOSED
38755,35,--,0,CLOSED
31435,35,--,0,CLOSED
37400,35,--,0,CLOSED
38756,35,--,0,CLOSED
38830,35,--,0,CLOSED
35782,35,--,0,CLOSED
37401,35,--,0,CLOSED
38747,35,--,0,CLOSED
38757,35,--,0,CLOSED
37398,35,--,0,CLOSED
38879,35,--,0,CLOSED
38631,30,--,0,Waitlisted
35508,35,--,0,CLOSED
36664,35,--,0,CLOSED
35509,35,--,0,CLOSED
36665,35,--,0,CLOSED
30917,35,--,0,CLOSED
31733,35,--,0,CLOSED
32251,35,--,0,CLOSED
32436,35,--,0,CLOSED
34901,35,--,0,CLOSED
34903,35,--,0,CLOSED
34908,35,--,0,CLOSED
34928,35,--,0,CLOSED
34902,35,--,0,CLOSED
34904,35,--,0,CLOSED
34909,35,--,0,CLOSED
34929,35,--,0,CLOSED
35266,35,--,0,CLOSED
35267,35,--,0,CLOSED
36723,35,--,0,CLOSED
37540,35,--,0,CLOSED
35280,35,--,0,CLOSED
35476,35,--,0,CLOSED
36726,35,--,0,CLOSED
35938,35,--,0,CLOSED
35940,35,--,0,CLOSED
36724,35,--,0,CLOSED
37541,35,--,0,CLOSED
35944,35,--,0,CLOSED
35946,35,--,0,CLOSED
36727,35,--,0,CLOSED
35939,35,--,0,CLOSED
35941,35,--,0,CLOSED
36725,35,--,0,CLOSED
37542,35,--,0,CLOSED
35945,35,--,0,CLOSED
35947,35,--,0,CLOSED
36728,35,--,0,CLOSED
37370,30,--,0,CLOSED
37338,35,--,0,CLOSED
37425,35,--,0,CLOSED
37423,35,--,0,CLOSED
37426,35,--,0,CLOSED
37424,35,--,0,CLOSED
37427,35,--,0,CLOSED
38649,35,--,0,CLOSED
38645,35,--,0,CLOSED
38650,35,--,0,CLOSED
38646,35,--,0,CLOSED
38651,35,--,0,CLOSED
38647,35,--,0,CLOSED
38295,35,--,0,CLOSED
38537,35,--,0,CLOSED
38539,35,--,0,CLOSED
32306,32,--,0,CLOSED
30985,32,--,0,CLOSED
30993,32,--,0,CLOSED
32264,25,--,0,CLOSED
33549,25,--,0,CLOSED
33550,25,--,0,CLOSED
37357,30,--,0,CLOSED
37358,30,--,0,CLOSED
38789,30,--,0,CLOSED
35262,35,--,0,CLOSED
35263,35,--,0,CLOSED
35264,35,--,0,CLOSED
37374,35,--,0,CLOSED
32255,25,--,0,CLOSED
34568,25,--,0,CLOSED
38704,25,--,0,CLOSED
32254,25,--,0,CLOSED
32258,25,--,0,CLOSED
34569,25,--,0,CLOSED
38705,25,--,0,CLOSED
32257,25,--,0,CLOSED
32261,25,--,0,CLOSED
34570,25,--,0,CLOSED
38706,25,--,0,CLOSED
32260,25,--,0,CLOSED
31582,25,--,0,CLOSED
34401,25,--,0,CLOSED
31584,25,--,0,CLOSED
34402,25,--,0,CLOSED
33030,25,--,0,CLOSED
34403,25,--,0,CLOSED
37362,35,--,0,CLOSED
37363,35,--,0,CLOSED
37364,35,--,0,CLOSED
38759,30,--,0,CLOSED
36672,30,--,0,CLOSED
38292,30,--,0,CLOSED
36673,30,--,0,CLOSED
38293,30,--,0,CLOSED
36674,30,--,0,CLOSED
38758,35,--,0,CLOSED
32269,35,--,0,CLOSED
35177,35,--,0,CLOSED
36032,35,--,0,CLOSED
31213,30,--,0,CLOSED
38633,30,10,20,Restricted: Dual Enrollment
38847,30,--,0,CLOSED
38634,30,22,8,Restricted: Dual Enrollment
38325,35,--,0,CLOSED
38632,30,--,0,CLOSED
31442,10,--,0,CLOSED
38323,25,--,0,CLOSED
36687,15,--,0,CLOSED
36688,15,--,0,CLOSED
38743,45,2,43,OPEN
38744,45,0,43,OPEN
38297,30,--,0,CLOSED
35286,30,--,0,Waitlisted
38326,30,--,0,CLOSED
36026,28,--,0,CLOSED
36027,28,--,0,CLOSED
38521,25,24,1,OPEN
38525,30,27,3,OPEN
38520,25,--,0,CLOSED
38522,25,17,8,OPEN
38523,30,28,2,OPEN
34627,9999,2,9997,OPEN
38270,14,--,0,CLOSED
30503,30,--,0,CLOSED
32923,30,--,0,CLOSED
34843,30,--,0,CLOSED
36400,30,--,0,Waitlisted
37458,30,--,0,CLOSED
32752,30,--,0,CLOSED
34844,30,--,0,CLOSED
37304,30,--,0,CLOSED
37305,25,--,0,CLOSED
38296,25,--,0,CLOSED
31169,25,--,0,CLOSED
31432,25,--,0,CLOSED
37913,25,--,0,CLOSED
38488,25,--,0,CLOSED
30525,25,--,0,CLOSED
31134,25,--,0,CLOSED
37848,25,14,11,OPEN
34736,22,--,0,CLOSED
35287,25,--,0,CLOSED
35816,25,--,0,CLOSED
33323,25,--,0,CLOSED
38491,1,--,0,CLOSED
37695,23,--,0,CLOSED
37696,20,7,13,Restricted: Med Asst Program
37697,30,--,0,CLOSED
32730,20,--,0,CLOSED
37859,20,--,0,CLOSED
38089,20,4,16,Restricted: Med Asst Program
32731,23,--,0,CLOSED
37740,20,15,5,Restricted: Med Asst Program
37692,20,--,0,CLOSED
33096,20,16,4,Restricted: Med Asst Program
38542,20,--,0,CLOSED
38546,15,--,0,CLOSED
35500,15,--,0,CLOSED
38547,15,--,0,CLOSED
36341,15,--,0,CLOSED
38284,15,--,0,CLOSED
38889,15,--,0,CLOSED
38893,15,--,0,CLOSED
31574,35,--,0,CLOSED
32403,35,--,0,CLOSED
36212,28,--,0,CLOSED
36213,28,--,0,CLOSED
36215,35,--,0,CLOSED
36216,35,--,0,CLOSED
36912,28,--,0,CLOSED
36935,35,--,0,CLOSED
31233,35,--,0,CLOSED
35854,35,--,0,CLOSED
36251,28,--,0,CLOSED
36260,35,--,0,CLOSED
36887,35,--,0,CLOSED
36890,28,--,0,CLOSED
38880,35,--,0,CLOSED
36264,35,--,0,CLOSED
36877,28,--,0,CLOSED
37550,35,--,0,CLOSED
36217,35,--,0,CLOSED
36250,35,--,0,CLOSED
36261,35,--,0,CLOSED
36884,35,--,0,CLOSED
36908,35,--,0,CLOSED
38734,20,9,11,Restricted: Dual Enrollment
30690,30,--,0,CLOSED
31565,30,--,0,CLOSED
31619,30,--,0,CLOSED
32411,30,--,0,CLOSED
33084,30,--,0,CLOSED
36267,30,--,0,CLOSED
37551,25,--,0,CLOSED
30628,30,--,0,CLOSED
30900,30,--,0,CLOSED
31623,30,--,0,CLOSED
34990,30,--,0,CLOSED
36419,30,--,0,CLOSED
36885,25,--,0,CLOSED
37051,30,--,0,CLOSED
37552,25,--,0,CLOSED
37553,30,--,0,CLOSED
31234,30,--,0,CLOSED
31143,30,--,0,CLOSED
31251,30,--,0,CLOSED
32430,30,--,0,CLOSED
32532,30,--,0,CLOSED
33504,30,--,0,CLOSED
34991,30,--,0,CLOSED
36266,30,--,0,CLOSED
36332,30,--,0,CLOSED
31974,30,--,0,CLOSED
36942,25,--,0,CLOSED
36946,25,--,0,CLOSED
30709,30,--,0,CLOSED
32533,30,--,0,CLOSED
33506,30,--,0,CLOSED
36361,30,--,0,CLOSED
36418,30,--,0,CLOSED
32534,30,--,0,CLOSED
33538,30,--,0,CLOSED
35790,30,--,0,CLOSED
36991,30,--,0,CLOSED
38013,30,--,0,CLOSED
38809,30,--,0,CLOSED
38833,30,--,0,CLOSED
31307,30,--,0,CLOSED
31266,30,--,0,CLOSED
33099,30,--,0,CLOSED
33505,30,--,0,CLOSED
36362,30,--,0,CLOSED
34992,30,24,6,Restricted: Math Path
36943,25,--,0,CLOSED
30851,30,--,0,CLOSED
31305,30,--,0,CLOSED
36949,30,--,0,CLOSED
31276,30,--,0,CLOSED
38832,30,--,0,CLOSED
34993,30,--,0,CLOSED
37555,30,--,0,CLOSED
36223,35,--,0,CLOSED
36893,35,--,0,CLOSED
36979,35,--,0,CLOSED
36220,35,--,0,CLOSED
36252,35,--,0,CLOSED
36894,35,--,0,CLOSED
36980,35,--,0,CLOSED
36268,35,--,0,CLOSED
36364,35,--,0,CLOSED
36895,35,--,0,CLOSED
36993,35,--,0,CLOSED
38527,30,--,0,CLOSED
38528,30,--,0,CLOSED
38529,30,--,0,CLOSED
31595,30,--,0,CLOSED
30853,30,--,0,CLOSED
32520,30,--,0,CLOSED
33510,30,--,0,CLOSED
33785,30,--,0,CLOSED
38003,30,--,0,CLOSED
33784,28,--,0,CLOSED
35819,35,--,0,CLOSED
36228,35,--,0,CLOSED
37030,35,--,0,CLOSED
36852,35,--,0,CLOSED
36848,35,--,0,CLOSED
36227,35,--,0,CLOSED
33855,1,--,0,CLOSED
31573,30,--,0,CLOSED
37117,30,--,0,CLOSED
38791,30,--,0,CLOSED
36896,30,--,0,CLOSED
36273,25,--,0,CLOSED
35749,30,--,0,CLOSED
38790,30,--,0,CLOSED
38004,30,--,0,CLOSED
38831,30,--,0,CLOSED
38793,30,--,0,CLOSED
31538,30,--,0,CLOSED
37556,25,--,0,CLOSED
36889,28,--,0,CLOSED
36913,28,--,0,CLOSED
37049,28,--,0,CLOSED
36891,28,--,0,CLOSED
36909,28,--,0,CLOSED
36878,28,--,0,CLOSED
36789,28,--,0,CLOSED
36045,24,--,0,CLOSED
37903,24,--,0,CLOSED
36046,24,--,0,CLOSED
36047,24,--,0,CLOSED
30938,24,--,0,CLOSED
36048,24,--,0,CLOSED
36049,24,--,0,CLOSED
30939,24,--,0,CLOSED
32062,24,--,0,CLOSED
36050,24,--,0,CLOSED
36245,20,--,0,CLOSED
31452,40,--,0,CLOSED
36630,40,--,0,CLOSED
38484,40,--,0,Waitlisted
36096,40,--,0,CLOSED
36296,40,--,0,CLOSED
33329,22,--,0,CLOSED
38422,22,--,0,CLOSED
33330,22,--,0,CLOSED
33345,22,--,0,CLOSED
34225,22,--,0,CLOSED
34224,22,--,0,CLOSED
33341,20,--,0,CLOSED
33332,22,--,0,CLOSED
33346,22,--,0,CLOSED
35541,25,--,0,CLOSED
35542,25,--,0,CLOSED
35526,24,--,0,CLOSED
35527,24,--,0,CLOSED
35528,24,--,0,CLOSED
35533,24,--,0,CLOSED
34226,20,--,0,CLOSED
30954,21,--,0,CLOSED
38327,21,--,0,CLOSED
30586,21,0,5,Audition Required
30956,21,--,0,CLOSED
30551,21,--,0,CLOSED
38336,21,--,0,CLOSED
30548,21,2,5,Audition Required
30557,21,--,0,CLOSED
30957,21,--,0,CLOSED
38337,21,--,0,CLOSED
30604,21,9,5,OPEN
30959,21,--,0,CLOSED
30960,21,--,0,CLOSED
38338,21,--,0,CLOSED
30607,21,1,5,OPEN
30962,21,--,0,CLOSED
30905,21,--,0,CLOSED
38339,21,--,0,CLOSED
30611,21,1,5,OPEN
30965,21,--,0,CLOSED
30966,21,--,0,CLOSED
38340,21,--,0,CLOSED
30618,21,2,5,OPEN
30968,21,--,0,CLOSED
30970,180,--,0,CLOSED
31680,21,--,0,CLOSED
38341,21,--,0,CLOSED
31677,21,1,5,OPEN
31682,21,--,0,CLOSED
31743,16,--,0,CLOSED
38083,1,0,1,Permission of Instructor
33349,40,--,0,CLOSED
30312,40,--,0,CLOSED
30976,40,--,0,CLOSED
30981,40,--,0,CLOSED
36325,40,--,0,CLOSED
37836,40,--,0,CLOSED
38031,40,--,0,CLOSED
38329,45,--,0,CLOSED
34850,40,--,0,CLOSED
38883,40,--,0,CLOSED
32343,40,--,0,CLOSED
34230,40,--,0,CLOSED
38330,40,--,0,CLOSED
34233,40,--,0,CLOSED
38853,30,--,0,CLOSED
38331,20,--,0,CLOSED
35544,10,--,0,CLOSED
34236,20,--,0,CLOSED
36288,20,--,0,CLOSED
31026,25,--,0,CLOSED
35554,25,--,0,CLOSED
31489,24,--,0,CLOSED
30883,24,--,0,CLOSED
32708,24,--,0,CLOSED
30989,24,--,0,CLOSED
33705,24,--,0,CLOSED
33704,24,--,0,CLOSED
30186,24,--,0,CLOSED
30994,22,--,0,CLOSED
31075,22,--,0,CLOSED
33702,18,--,0,CLOSED
32709,18,--,0,CLOSED
30995,30,--,0,CLOSED
30120,16,--,0,CLOSED
37560,12,--,0,CLOSED
35856,17,--,0,CLOSED
30329,17,--,0,CLOSED
31002,17,--,0,CLOSED
34239,17,--,0,CLOSED
38625,25,--,0,CLOSED
31004,36,--,0,CLOSED
34241,40,--,0,CLOSED
37701,40,--,0,CLOSED
31006,40,--,0,CLOSED
31007,30,--,0,CLOSED
31010,12,--,0,CLOSED
31076,15,--,0,CLOSED
36058,23,--,0,CLOSED
36060,23,--,0,CLOSED
34862,15,--,0,CLOSED
38460,15,--,0,CLOSED
31017,22,--,0,CLOSED
36088,22,--,0,CLOSED
38459,22,--,0,CLOSED
37812,20,--,0,CLOSED
38620,25,--,0,CLOSED
38621,25,--,0,CLOSED
37651,25,--,0,CLOSED
36805,16,--,0,CLOSED
31025,16,--,0,CLOSED
38334,16,--,0,CLOSED
30278,16,--,0,CLOSED
31365,16,--,0,CLOSED
38335,24,--,0,CLOSED
31080,25,--,0,CLOSED
32711,15,--,0,CLOSED
38471,18,--,0,CLOSED
38738,20,--,0,CLOSED
34266,16,--,0,CLOSED
34267,16,11,5,Restricted: Nursing Program
34269,10,--,0,CLOSED
34268,10,--,0,CLOSED
34271,10,6,4,Restricted: Nursing Program
34270,10,5,5,Restricted: Nursing Program
34272,16,11,5,Restricted: Nursing Program
34273,20,12,8,Restricted: Nursing Program
34274,10,6,4,Restricted: Nursing Program
34275,10,5,5,Restricted: Nursing Program
34276,10,6,4,Restricted: Nursing Program
34277,10,6,4,Restricted: Nursing Program
38760,42,--,0,CLOSED
34331,10,--,0,CLOSED
34327,10,--,0,CLOSED
34328,10,--,0,CLOSED
35812,10,--,0,CLOSED
34326,10,--,0,CLOSED
34330,10,--,0,CLOSED
38749,32,--,0,CLOSED
30433,10,--,0,CLOSED
33089,10,--,0,CLOSED
31122,10,--,0,CLOSED
37023,10,--,0,CLOSED
38761,10,--,0,CLOSED
38764,10,--,0,CLOSED
38762,10,--,0,CLOSED
38763,10,--,0,CLOSED
34259,20,--,0,CLOSED
34260,20,11,9,Restricted: Nursing Program
30183,10,--,0,CLOSED
30179,10,--,0,CLOSED
31196,10,6,4,Restricted: Nursing Program
31330,10,5,5,Restricted: Nursing Program
30333,10,--,0,CLOSED
30336,10,--,0,CLOSED
31331,10,4,6,Restricted: Nursing Program
30338,10,5,5,Restricted: Nursing Program
34564,70,42,28,Restricted: Nursing Program
30206,10,7,3,Restricted: Nursing Program
30798,10,7,3,Restricted: Nursing Program
31614,10,7,3,Restricted: Nursing Program
30193,10,7,3,Restricted: Nursing Program
30207,10,7,3,Restricted: Nursing Program
38765,10,7,3,Restricted: Nursing Program
30373,10,--,0,CLOSED
30394,10,--,0,CLOSED
30376,10,--,0,CLOSED
32205,10,--,0,CLOSED
32204,10,--,0,CLOSED
30215,70,--,0,CLOSED
30218,10,--,0,CLOSED
30541,10,--,0,CLOSED
30801,10,--,0,CLOSED
30234,10,--,0,CLOSED
35391,10,--,0,CLOSED
30399,10,--,0,CLOSED
33101,10,--,0,CLOSED
37518,10,--,0,CLOSED
30404,10,--,0,CLOSED
35392,10,--,0,CLOSED
37782,10,--,0,CLOSED
38821,10,--,0,CLOSED
34251,10,--,0,CLOSED
34252,10,--,0,CLOSED
38343,10,--,0,CLOSED
34808,10,--,0,CLOSED
34809,10,--,0,CLOSED
38777,10,--,0,CLOSED
34254,30,--,0,CLOSED
38346,10,--,0,CLOSED
38347,10,--,0,CLOSED
38345,10,--,0,CLOSED
35393,32,--,0,CLOSED
31210,32,29,3,Restricted: Nursing Program
33557,45,--,0,CLOSED
37381,45,--,0,CLOSED
35461,45,--,0,CLOSED
33558,45,--,0,CLOSED
32736,60,--,0,CLOSED
33130,60,--,0,CLOSED
33246,45,--,0,CLOSED
37386,45,--,0,CLOSED
35864,45,--,0,CLOSED
35865,45,--,0,CLOSED
37387,45,--,0,CLOSED
33245,45,--,0,CLOSED
33247,45,--,0,CLOSED
33252,45,--,0,CLOSED
37377,35,--,0,CLOSED
36681,40,--,0,CLOSED
38252,25,17,8,OPEN
34196,15,--,0,See Instructor
38253,30,14,16,OPEN
38589,25,20,5,OPEN
38588,25,8,17,OPEN
38227,15,14,1,OPEN
38228,15,11,4,OPEN
38229,15,11,4,OPEN
38230,15,--,0,See Instructor
38231,15,11,4,OPEN
38232,15,--,0,See Instructor
38233,15,10,5,OPEN
38234,15,--,0,See Instructor
38235,15,--,0,See Instructor
38236,15,--,0,See Instructor
38237,15,12,3,OPEN
38238,15,--,0,See Instructor
38239,15,11,4,OPEN
38240,15,--,0,See Instructor
38241,15,--,0,See Instructor
38242,15,13,2,OPEN
38243,15,--,0,See Instructor
38244,15,--,0,See Instructor
38245,15,--,0,See Instructor
31731,40,--,0,CLOSED
33976,40,--,0,CLOSED
37710,40,--,0,CLOSED
31099,40,--,0,CLOSED
38042,40,--,0,CLOSED
38662,40,--,0,CLOSED
38663,40,--,0,CLOSED
36166,40,--,0,CLOSED
36714,40,--,0,CLOSED
36821,40,--,0,CLOSED
37173,40,--,0,CLOSED
37573,40,--,0,CLOSED
37810,40,--,0,CLOSED
37572,40,--,0,CLOSED
38664,40,--,0,CLOSED
38850,40,--,0,CLOSED
38869,40,--,0,CLOSED
35088,35,--,0,CLOSED
31107,40,--,0,CLOSED
36167,40,--,0,CLOSED
36716,40,--,0,CLOSED
32165,40,--,0,CLOSED
38579,40,--,0,CLOSED
30498,30,--,0,CLOSED
38654,30,--,0,CLOSED
32354,30,--,0,CLOSED
35653,30,--,0,CLOSED
38671,30,--,0,CLOSED
30017,30,--,0,CLOSED
30766,30,--,0,CLOSED
31776,30,--,0,CLOSED
32166,30,--,0,CLOSED
33126,30,--,0,CLOSED
37704,30,--,0,CLOSED
33201,30,--,0,CLOSED
36342,30,--,0,CLOSED
37181,30,--,0,CLOSED
35882,30,--,0,Waitlisted
37994,30,--,0,Waitlisted
38660,30,--,0,Waitlisted
38698,30,29,1,OPEN
36717,25,--,0,CLOSED
32054,40,--,0,CLOSED
38666,40,--,0,CLOSED
37571,40,--,0,CLOSED
37263,24,--,0,CLOSED
37264,24,--,0,CLOSED
37266,24,--,0,CLOSED
37267,24,--,0,CLOSED
37269,24,--,0,CLOSED
37270,24,--,0,CLOSED
37272,24,--,0,CLOSED
37579,24,--,0,CLOSED
37815,24,--,0,CLOSED
38603,24,--,0,CLOSED
37276,24,--,0,CLOSED
37587,24,--,0,CLOSED
37847,60,--,0,CLOSED
32185,60,--,0,CLOSED
37581,60,--,0,CLOSED
37582,60,--,0,CLOSED
37908,20,--,0,CLOSED
37909,20,--,0,CLOSED
38261,24,--,0,CLOSED
37590,24,--,0,CLOSED
34605,12,--,0,CLOSED
37999,28,--,0,CLOSED
30490,28,--,0,CLOSED
34765,28,--,0,Waitlisted
33388,30,--,0,CLOSED
36629,28,--,0,CLOSED
31215,24,--,0,CLOSED
31750,24,--,0,CLOSED
33778,24,--,0,CLOSED
31494,24,--,0,CLOSED
37439,28,--,0,CLOSED
37930,28,--,0,CLOSED
37432,28,--,0,CLOSED
37433,28,--,0,CLOSED
37434,28,--,0,CLOSED
37436,28,--,0,CLOSED
37437,28,--,0,CLOSED
37435,28,--,0,CLOSED
37438,28,--,0,CLOSED
37440,24,--,0,CLOSED
37855,24,--,0,CLOSED
37441,24,--,0,CLOSED
37442,24,--,0,CLOSED
38266,24,--,0,CLOSED
38265,24,--,0,CLOSED
38264,24,--,0,CLOSED
34982,35,--,0,CLOSED
33882,35,--,0,CLOSED
33883,35,--,0,CLOSED
32104,28,--,0,CLOSED
38741,5,--,0,CLOSED
30202,24,--,0,CLOSED
32455,24,--,0,CLOSED
38719,27,--,0,CLOSED
37225,40,--,0,CLOSED
37929,40,--,0,CLOSED
38276,40,--,0,CLOSED
37827,40,--,0,CLOSED
37949,40,--,0,CLOSED
38282,40,--,0,CLOSED
38283,40,--,0,CLOSED
37226,40,--,0,CLOSED
31481,40,--,0,CLOSED
30208,30,--,0,CLOSED
30918,40,--,0,CLOSED
38354,40,14,26,OPEN
38605,40,--,0,CLOSED
38279,40,--,0,CLOSED
38450,40,--,0,CLOSED
31314,40,--,0,CLOSED
38281,40,--,0,CLOSED
34048,24,--,0,CLOSED
37948,24,9,15,OPEN
30364,24,--,0,CLOSED
32235,24,17,7,OPEN
38448,40,--,0,CLOSED
35110,40,26,14,OPEN
31240,40,--,0,CLOSED
31250,40,--,0,CLOSED
31393,40,--,0,CLOSED
31399,40,--,0,CLOSED
31572,40,--,0,CLOSED
32582,35,--,0,CLOSED
35656,40,--,0,CLOSED
35657,40,--,0,CLOSED
36718,40,--,0,CLOSED
38784,35,--,0,CLOSED
31252,40,--,0,CLOSED
31317,40,--,0,CLOSED
36170,40,--,0,CLOSED
38271,40,--,0,CLOSED
31475,40,--,0,CLOSED
31659,40,--,0,CLOSED
32581,40,--,0,CLOSED
33055,40,--,0,CLOSED
33266,40,--,0,CLOSED
33273,40,--,0,CLOSED
34688,40,--,0,CLOSED
36173,40,--,0,CLOSED
36406,40,--,0,CLOSED
36457,40,--,0,CLOSED
37174,40,--,0,CLOSED
37596,40,--,0,CLOSED
31417,40,--,0,CLOSED
31656,40,--,0,CLOSED
33265,40,--,0,CLOSED
33272,40,--,0,CLOSED
33733,40,--,0,CLOSED
35192,40,--,0,CLOSED
38635,40,--,0,CLOSED
36174,36,--,0,Waitlisted
31657,40,--,0,CLOSED
33123,40,--,0,CLOSED
33269,40,--,0,CLOSED
35193,40,--,0,CLOSED
35861,40,--,0,CLOSED
38636,40,--,0,CLOSED
38814,40,--,0,CLOSED
38876,40,--,0,CLOSED
38813,30,--,0,CLOSED
31241,40,--,0,CLOSED
34932,40,--,0,CLOSED
38272,40,--,0,CLOSED
30703,40,--,0,CLOSED
35658,40,--,0,CLOSED
37597,40,--,0,CLOSED
31256,40,--,0,CLOSED
30716,40,--,0,CLOSED
35771,40,--,0,CLOSED
30430,40,--,0,CLOSED
31207,40,--,0,CLOSED
31610,40,--,0,CLOSED
32973,40,--,0,CLOSED
36196,40,--,0,CLOSED
38730,40,--,0,CLOSED
30266,80,--,0,CLOSED
33056,40,--,0,CLOSED
34529,40,--,0,CLOSED
36177,40,--,0,CLOSED
38707,80,--,0,CLOSED
38731,40,--,0,CLOSED
31580,40,--,0,CLOSED
32585,40,--,0,CLOSED
35114,40,--,0,CLOSED
36178,40,--,0,CLOSED
37633,40,--,0,CLOSED
37689,40,--,0,CLOSED
38679,40,--,0,CLOSED
33979,40,--,0,CLOSED
35693,80,--,0,CLOSED
35195,40,--,0,CLOSED
35661,40,--,0,CLOSED
35662,40,--,0,CLOSED
35697,40,--,0,CLOSED
37180,40,--,0,CLOSED
38674,30,23,7,Restricted: Dual Enrollment
38672,30,--,0,CLOSED
38673,35,26,9,Restricted: Dual Enrollment
38576,35,--,0,CLOSED
33781,40,--,0,CLOSED
38388,40,--,0,CLOSED
35150,40,--,0,CLOSED
36729,40,--,0,CLOSED
31296,40,--,0,CLOSED
31611,40,--,0,CLOSED
31671,40,--,0,CLOSED
36179,40,--,0,CLOSED
36825,40,--,0,CLOSED
38675,30,13,17,Restricted: Dual Enrollment
36732,40,--,0,CLOSED
36731,40,--,0,CLOSED
38041,40,--,0,CLOSED
32171,25,--,0,CLOSED
36190,25,--,0,CLOSED
36191,25,--,0,CLOSED
36740,25,--,0,CLOSED
36187,25,--,0,CLOSED
36738,25,--,0,CLOSED
38826,25,--,0,CLOSED
36429,25,--,0,CLOSED
38039,25,--,0,CLOSED
38002,25,--,0,CLOSED
38895,25,21,4,OPEN
38820,1,--,0,CLOSED
36193,40,--,0,CLOSED
37791,40,--,0,CLOSED
38392,40,--,0,CLOSED
30393,40,--,0,CLOSED
31740,40,--,0,CLOSED
32365,40,--,0,CLOSED
38394,40,--,0,CLOSED
38053,40,--,0,CLOSED
37632,40,--,0,CLOSED
36407,40,--,0,CLOSED
36182,40,--,0,CLOSED
31206,40,--,0,CLOSED
36735,40,--,0,CLOSED
36737,40,--,0,CLOSED
35843,40,--,0,CLOSED
33059,40,--,0,CLOSED
37586,40,--,0,CLOSED
38677,40,--,0,CLOSED
38680,40,--,0,CLOSED
38578,40,--,0,CLOSED
38055,40,--,0,Waitlisted
38909,40,--,0,CLOSED
34776,40,--,0,CLOSED
30555,24,--,0,CLOSED
32119,24,--,0,CLOSED
32120,24,--,0,CLOSED
35403,24,--,0,CLOSED
36438,24,--,0,CLOSED
30190,24,--,0,CLOSED
36437,24,--,0,CLOSED
37635,24,--,0,CLOSED
37868,24,--,0,CLOSED
30674,24,--,0,CLOSED
35223,24,--,0,CLOSED
37567,30,--,0,CLOSED
37568,30,--,0,CLOSED
38356,15,--,0,CLOSED
38355,15,--,0,CLOSED
38359,15,--,0,CLOSED
38360,15,--,0,CLOSED
38357,15,--,0,CLOSED
38358,15,--,0,CLOSED
38361,15,--,0,CLOSED
38364,15,--,0,CLOSED
38370,15,--,0,CLOSED
38369,15,--,0,CLOSED
38371,15,--,0,CLOSED
38362,15,--,0,CLOSED
32739,20,--,0,CLOSED
32740,20,--,0,CLOSED
32741,20,--,0,CLOSED
32742,24,--,0,CLOSED
32743,20,--,0,CLOSED
32744,20,--,0,CLOSED
37097,1,--,0,CLOSED
37610,20,--,0,CLOSED
32747,20,--,0,CLOSED
32172,40,--,0,CLOSED
38580,40,--,0,CLOSED
32856,40,--,0,CLOSED
32225,30,--,0,CLOSED
30485,30,--,0,CLOSED
31758,25,--,0,CLOSED
31759,25,--,0,CLOSED
36159,24,--,0,CLOSED
38688,24,--,0,CLOSED
36647,28,--,0,CLOSED
36648,28,--,0,CLOSED
32906,28,--,0,CLOSED
34519,15,--,0,CLOSED
36646,15,--,0,CLOSED
30510,40,--,0,CLOSED
31291,40,--,0,CLOSED
31342,40,--,0,CLOSED
31343,40,--,0,CLOSED
32325,40,--,0,CLOSED
34341,40,--,0,CLOSED
36203,40,--,0,CLOSED
38558,40,--,0,CLOSED
34340,40,--,0,CLOSED
36744,36,--,0,CLOSED
38559,40,--,0,CLOSED
32930,40,--,0,CLOSED
34549,40,--,0,CLOSED
35147,40,--,0,CLOSED
30029,40,--,0,CLOSED
31747,40,--,0,CLOSED
32326,40,--,0,CLOSED
36745,40,--,0,CLOSED
36747,40,--,0,CLOSED
37605,40,--,0,CLOSED
32199,40,--,0,CLOSED
32330,40,--,0,CLOSED
32394,40,--,0,CLOSED
32590,40,--,0,CLOSED
33128,40,--,0,CLOSED
33289,40,--,0,CLOSED
35810,40,--,0,CLOSED
33285,40,--,0,CLOSED
33286,40,--,0,CLOSED
34689,40,--,0,CLOSED
35862,40,--,0,CLOSED
38783,30,--,0,CLOSED
38638,30,--,0,CLOSED
38854,20,--,0,CLOSED
38782,30,8,22,Restricted: Dual Enrollment
38560,35,--,0,CLOSED
30561,40,--,0,CLOSED
33982,40,--,0,CLOSED
36204,40,--,0,CLOSED
36751,40,--,0,CLOSED
37665,30,--,0,CLOSED
36830,40,--,0,CLOSED
38861,40,--,0,CLOSED
32969,40,--,0,CLOSED
36829,40,--,0,CLOSED
37687,40,--,0,CLOSED
37623,40,--,0,CLOSED
38877,40,--,0,CLOSED
38904,40,--,0,CLOSED
38697,40,17,23,Restricted: Dual Enrollment
32857,40,--,0,CLOSED
37607,40,--,0,CLOSED
35665,40,--,0,CLOSED
38665,40,--,0,CLOSED
32173,40,--,0,CLOSED
38262,40,--,0,CLOSED
38811,40,--,0,CLOSED
38263,40,--,0,CLOSED
37611,40,--,0,CLOSED
37612,40,--,0,CLOSED
37621,40,--,0,CLOSED
37622,40,--,0,CLOSED
37619,40,--,0,CLOSED
37615,40,--,0,CLOSED
37841,40,--,0,CLOSED
34749,30,--,0,CLOSED
37926,30,--,0,CLOSED
38409,30,--,0,CLOSED
31352,30,--,0,CLOSED
32077,30,--,0,CLOSED
31093,30,--,0,CLOSED
31355,30,--,0,CLOSED
31358,30,--,0,CLOSED
32074,30,--,0,CLOSED
34640,30,--,0,CLOSED
38413,30,--,0,CLOSED
38414,30,--,0,CLOSED
30279,30,--,0,CLOSED
30378,30,--,0,CLOSED
31357,30,--,0,CLOSED
38069,30,--,0,CLOSED
38874,30,--,0,See Instructor
38882,30,--,0,See Instructor
31524,30,--,0,CLOSED
30570,30,--,0,CLOSED
34738,30,--,0,CLOSED
30877,30,--,0,CLOSED
30829,30,--,0,CLOSED
31371,25,--,0,CLOSED
30619,25,--,0,CLOSED
38827,25,--,0,CLOSED
38828,25,--,0,CLOSED
32050,25,--,0,CLOSED
38412,30,--,0,CLOSED
36413,25,--,0,CLOSED
30334,32,--,0,CLOSED
31042,32,--,0,CLOSED
31384,32,--,0,CLOSED
31386,32,--,0,CLOSED
31396,32,--,0,CLOSED
31566,32,--,0,CLOSED
32998,32,--,0,CLOSED
33036,32,--,0,CLOSED
33738,32,--,0,CLOSED
38668,32,--,0,CLOSED
38701,32,--,0,CLOSED
30346,32,--,0,CLOSED
30348,32,--,0,CLOSED
31394,32,--,0,CLOSED
31413,32,--,0,CLOSED
31421,32,--,0,CLOSED
31507,32,--,0,CLOSED
33641,32,--,0,CLOSED
35736,32,--,0,CLOSED
36758,32,--,0,CLOSED
30140,32,--,0,CLOSED
30152,32,--,0,CLOSED
30305,32,--,0,CLOSED
31286,32,--,0,CLOSED
31354,32,--,0,CLOSED
31383,32,--,0,CLOSED
31387,32,--,0,CLOSED
31388,32,--,0,CLOSED
31395,32,--,0,CLOSED
31418,32,--,0,CLOSED
32147,32,--,0,CLOSED
32388,32,--,0,CLOSED
32999,32,--,0,CLOSED
33640,32,--,0,CLOSED
37140,32,--,0,CLOSED
37197,32,--,0,CLOSED
38017,32,--,0,CLOSED
38080,32,--,0,CLOSED
37198,32,--,0,CLOSED
38005,32,--,0,CLOSED
38025,32,--,0,CLOSED
38026,32,--,0,CLOSED
38027,32,--,0,CLOSED
38365,32,--,0,CLOSED
36787,32,--,0,CLOSED
38071,32,--,0,CLOSED
38072,32,--,0,CLOSED
38907,32,--,0,CLOSED
38726,25,--,0,CLOSED
38686,30,--,0,CLOSED
38729,25,7,18,Restricted: Dual Enrollment
38368,32,--,0,CLOSED
37927,25,--,0,CLOSED
31217,32,--,0,CLOSED
31407,32,--,0,CLOSED
33624,32,--,0,CLOSED
33626,32,--,0,CLOSED
32922,32,--,0,Waitlisted
33293,32,--,0,Waitlisted
33294,32,--,0,Waitlisted
30417,27,--,0,CLOSED
30382,32,--,0,CLOSED
37638,32,--,0,CLOSED
31422,32,--,0,CLOSED
35168,32,--,0,CLOSED
38657,32,--,0,CLOSED
30500,32,--,0,CLOSED
32919,32,--,0,CLOSED
37160,32,--,0,CLOSED
37646,32,--,0,CLOSED
36109,32,--,0,CLOSED
36115,32,--,0,CLOSED
37643,32,--,0,CLOSED
38075,32,--,0,CLOSED
35598,32,--,0,Waitlisted
37644,32,--,0,CLOSED
38366,32,--,0,CLOSED
38367,32,--,0,CLOSED
38901,32,--,0,CLOSED
38685,30,--,0,CLOSED
36057,32,--,0,CLOSED
32149,32,--,0,CLOSED
36135,30,--,0,CLOSED
37184,30,--,0,CLOSED
36534,65,--,0,CLOSED
37906,35,--,0,CLOSED
32174,35,--,0,CLOSED
37580,35,--,0,CLOSED
38699,35,--,0,CLOSED
36200,35,--,0,CLOSED
36750,35,--,0,CLOSED
38681,35,--,0,CLOSED
38682,35,--,0,CLOSED
35076,35,--,0,CLOSED
35666,35,--,0,CLOSED
36197,35,--,0,CLOSED
36199,35,--,0,CLOSED
36749,35,--,0,CLOSED
38678,35,--,0,CLOSED
30474,35,--,0,CLOSED
30624,35,--,0,CLOSED
30934,28,--,0,CLOSED
32515,35,--,0,CLOSED
32560,28,--,0,CLOSED
36240,35,--,0,CLOSED
36327,35,--,0,CLOSED
36866,28,--,0,CLOSED
36986,28,--,0,CLOSED
36992,35,--,0,CLOSED
30257,35,--,0,CLOSED
30637,35,--,0,CLOSED
31571,35,--,0,CLOSED
36401,35,--,0,CLOSED
36868,28,--,0,CLOSED
36906,35,--,0,CLOSED
36917,35,--,0,CLOSED
36929,35,--,0,CLOSED
36956,28,--,0,CLOSED
34585,35,--,0,CLOSED
31297,35,--,0,CLOSED
32409,35,--,0,CLOSED
32558,35,--,0,CLOSED
35163,35,--,0,CLOSED
36280,35,--,0,CLOSED
36328,35,--,0,CLOSED
36334,35,--,0,CLOSED
36428,35,--,0,CLOSED
36930,35,--,0,CLOSED
36932,35,--,0,CLOSED
36934,35,--,0,CLOSED
36968,35,--,0,CLOSED
36970,35,--,0,CLOSED
38691,30,--,0,CLOSED
36931,30,--,0,CLOSED
38532,30,--,0,CLOSED
36867,28,--,0,CLOSED
36955,28,--,0,CLOSED
36961,28,--,0,CLOSED
36987,28,--,0,CLOSED
36869,28,--,0,CLOSED
36957,28,--,0,CLOSED
37178,25,--,0,CLOSED
30450,25,--,0,CLOSED
37368,25,--,0,CLOSED
37369,25,--,0,CLOSED
37637,25,--,0,CLOSED
38076,25,18,7,OPEN
31457,28,--,0,CLOSED
32352,28,--,0,CLOSED
31455,28,--,0,CLOSED
37775,28,--,0,CLOSED
30175,28,--,0,CLOSED
37018,35,--,0,CLOSED
38550,35,--,0,CLOSED
30533,25,--,0,CLOSED
32823,25,--,0,CLOSED
31468,13,--,0,CLOSED
30464,18,--,0,CLOSED
30898,18,--,0,CLOSED
32155,18,--,0,CLOSED
32156,18,--,0,CLOSED
36807,17,--,0,CLOSED
37380,20,--,0,CLOSED
38018,20,0,20,Audition Required
38551,10,0,10,Audition Required
33403,10,--,0,CLOSED
31471,30,--,0,CLOSED
30679,15,--,0,CLOSED
38255,25,22,3,OPEN
38256,25,22,3,OPEN
31433,35,--,0,CLOSED
38374,35,--,0,CLOSED
38375,35,--,0,CLOSED
30410,16,--,0,CLOSED
31436,16,--,0,CLOSED
31437,16,--,0,CLOSED
38555,16,--,0,CLOSED
36083,12,--,0,CLOSED
38694,16,--,0,CLOSED
34420,12,--,0,CLOSED
37655,12,--,0,CLOSED
31438,12,--,0,CLOSED
38692,30,20,10,Restricted: Dual Enrollment
38693,30,20,10,Restricted: Dual Enrollment
37656,25,--,0,CLOSED
38379,30,--,0,CLOSED
37103,20,--,0,CLOSED
35769,20,--,0,CLOSED
37658,20,--,0,CLOSED
36397,25,--,0,CLOSED
38376,40,--,0,CLOSED
38377,40,--,0,CLOSED
38554,12,--,0,CLOSED
37931,10,--,0,CLOSED
35210,1,--,0,CLOSED
38084,1,0,1,Permission of Instructor
34673,1,--,0,CLOSED
38788,1,--,0,CLOSED
38384,16,--,0,CLOSED
37200,20,--,0,CLOSED
37201,20,--,0,CLOSED
38332,20,--,0,CLOSED
38526,20,--,0,CLOSED
37203,20,--,0,CLOSED
37206,20,--,0,CLOSED
38714,20,--,0,CLOSED
31486,20,--,0,CLOSED
31487,20,--,0,CLOSED
31488,20,--,0,CLOSED
38884,20,4,16,OPEN
